{"val_loss":0.09959574796734973,"epoch":4,"_timestamp":1.7315887513336546e+09,"_runtime":43.4992346,"_wandb":{"runtime":43},"_step":4,"train_loss":0.08183789663723012}