{"_runtime":61.2170099,"_step":4,"_wandb":{"runtime":61},"train_loss":0.08183789663723012,"val_loss":0.09959574796734973,"epoch":4,"_timestamp":1.7315886586830614e+09}