{"val_loss":0.09959574796734973,"_wandb":{"runtime":38},"train_loss":0.08183789663723012,"_timestamp":1.7315881525825012e+09,"_runtime":38.770429,"_step":9}